{
  "total_count": 118849,
  "generation_time": "2025-08-16 14:10:29",
  "regions": {
    "강원": {
      "count": 50082,
      "universities": 12,
      "pass_rate": 45.21384928716905
    },
    "경기": {
      "count": 14365,
      "universities": 47,
      "pass_rate": 21.74730247128437
    },
    "서울": {
      "count": 22105,
      "universities": 45,
      "pass_rate": 19.904998869034156
    },
    "대전": {
      "count": 4272,
      "universities": 13,
      "pass_rate": 45.997191011235955
    },
    "인천": {
      "count": 3216,
      "universities": 7,
      "pass_rate": 22.978855721393035
    },
    "경북": {
      "count": 4485,
      "universities": 21,
      "pass_rate": 60.86956521739131
    },
    "대구": {
      "count": 1807,
      "universities": 4,
      "pass_rate": 28.002213613724404
    },
    "충남": {
      "count": 5962,
      "universities": 27,
      "pass_rate": 34.166387118416644
    },
    "충북": {
      "count": 6284,
      "universities": 17,
      "pass_rate": 46.19669000636537
    },
    "광주": {
      "count": 749,
      "universities": 10,
      "pass_rate": 51.802403204272366
    },
    "전북": {
      "count": 1100,
      "universities": 12,
      "pass_rate": 43.18181818181818
    },
    "부산": {
      "count": 2471,
      "universities": 16,
      "pass_rate": 50.829623634156206
    },
    "전남": {
      "count": 371,
      "universities": 12,
      "pass_rate": 55.525606469002696
    },
    "제주": {
      "count": 81,
      "universities": 2,
      "pass_rate": 37.03703703703704
    },
    "세종": {
      "count": 456,
      "universities": 2,
      "pass_rate": 29.82456140350877
    },
    "경남": {
      "count": 784,
      "universities": 16,
      "pass_rate": 43.494897959183675
    },
    "울산": {
      "count": 259,
      "universities": 2,
      "pass_rate": 44.01544401544402
    }
  },
  "universities": {
    "강원대학교(춘천)": {
      "count": 16940,
      "pass_rate": 30.37190082644628,
      "region": "강원"
    },
    "한림대학교(춘천)": {
      "count": 6792,
      "pass_rate": 40.19434628975265,
      "region": "강원"
    },
    "국립강릉원주대학교(강릉)": {
      "count": 5052,
      "pass_rate": 52.65241488519399,
      "region": "강원"
    },
    "가톨릭관동대학교(강릉)": {
      "count": 3602,
      "pass_rate": 65.51915602443087,
      "region": "강원"
    },
    "상지대학교(원주)": {
      "count": 3500,
      "pass_rate": 61.285714285714285,
      "region": "강원"
    },
    "한라대학교(원주)": {
      "count": 3193,
      "pass_rate": 71.9699342311306,
      "region": "강원"
    },
    "경동대학교(원주문막)": {
      "count": 3177,
      "pass_rate": 61.00094428706326,
      "region": "강원"
    },
    "국립강릉원주대학교(원주)": {
      "count": 2718,
      "pass_rate": 40.13980868285504,
      "region": "강원"
    },
    "가천대학교(성남)": {
      "count": 2280,
      "pass_rate": 11.271929824561404,
      "region": "경기"
    },
    "연세대학교(미래)": {
      "count": 2148,
      "pass_rate": 31.564245810055862,
      "region": "강원"
    },
    "강원대학교(도계)": {
      "count": 1568,
      "pass_rate": 48.46938775510204,
      "region": "강원"
    },
    "인하대학교(인천)": {
      "count": 1411,
      "pass_rate": 19.773210489014883,
      "region": "인천"
    },
    "건국대학교(서울)": {
      "count": 1333,
      "pass_rate": 14.103525881470366,
      "region": "서울"
    },
    "경기대학교(수원)": {
      "count": 1300,
      "pass_rate": 26.923076923076923,
      "region": "경기"
    },
    "세명대학교(제천)": {
      "count": 1282,
      "pass_rate": 66.53666146645865,
      "region": "충북"
    },
    "국민대학교(서울)": {
      "count": 1230,
      "pass_rate": 25.447154471544714,
      "region": "서울"
    },
    "동국대학교(서울)": {
      "count": 1213,
      "pass_rate": 11.953833470733718,
      "region": "서울"
    },
    "인천대학교(인천)": {
      "count": 1165,
      "pass_rate": 26.3519313304721,
      "region": "인천"
    },
    "숭실대학교(서울)": {
      "count": 1140,
      "pass_rate": 17.894736842105264,
      "region": "서울"
    },
    "서울과학기술대학교(서울)": {
      "count": 1067,
      "pass_rate": 22.211808809746955,
      "region": "서울"
    },
    "중앙대학교(서울)": {
      "count": 976,
      "pass_rate": 16.49590163934426,
      "region": "서울"
    },
    "한양대학교(ERICA)": {
      "count": 961,
      "pass_rate": 10.822060353798127,
      "region": "경기"
    },
    "고려대학교(서울)": {
      "count": 943,
      "pass_rate": 15.058324496288442,
      "region": "서울"
    },
    "단국대학교(죽전)": {
      "count": 941,
      "pass_rate": 18.91604675876727,
      "region": "경기"
    },
    "강원대학교(삼척)": {
      "count": 933,
      "pass_rate": 78.13504823151125,
      "region": "강원"
    },
    "대구대학교(경산)": {
      "count": 932,
      "pass_rate": 60.30042918454935,
      "region": "경북"
    },
    "백석대학교(천안)": {
      "count": 926,
      "pass_rate": 34.66522678185745,
      "region": "충남"
    },
    "세종대학교(서울)": {
      "count": 926,
      "pass_rate": 21.382289416846653,
      "region": "서울"
    },
    "건국대학교(글로컬)": {
      "count": 906,
      "pass_rate": 29.911699779249446,
      "region": "충북"
    },
    "충북대학교(청주)": {
      "count": 906,
      "pass_rate": 23.178807947019866,
      "region": "충북"
    },
    "청주대학교(청주)": {
      "count": 899,
      "pass_rate": 47.38598442714127,
      "region": "충북"
    },
    "홍익대학교(서울)": {
      "count": 897,
      "pass_rate": 17.94871794871795,
      "region": "서울"
    },
    "서원대학교(청주)": {
      "count": 895,
      "pass_rate": 54.97206703910614,
      "region": "충북"
    },
    "계명대학교(대구)": {
      "count": 856,
      "pass_rate": 39.83644859813084,
      "region": "대구"
    },
    "성신여자대학교(서울)": {
      "count": 855,
      "pass_rate": 23.157894736842106,
      "region": "서울"
    },
    "경희대학교(서울)": {
      "count": 846,
      "pass_rate": 19.38534278959811,
      "region": "서울"
    },
    "서울여자대학교(서울)": {
      "count": 827,
      "pass_rate": 19.105199516324063,
      "region": "서울"
    },
    "경북대학교(대구)": {
      "count": 789,
      "pass_rate": 14.955640050697086,
      "region": "대구"
    },
    "우송대학교(대전)": {
      "count": 770,
      "pass_rate": 40.25974025974026,
      "region": "대전"
    },
    "한양대학교(서울)": {
      "count": 746,
      "pass_rate": 20.777479892761395,
      "region": "서울"
    },
    "광운대학교(서울)": {
      "count": 721,
      "pass_rate": 28.01664355062413,
      "region": "서울"
    },
    "아주대학교(수원)": {
      "count": 693,
      "pass_rate": 16.305916305916305,
      "region": "경기"
    },
    "경희대학교(국제)": {
      "count": 690,
      "pass_rate": 18.695652173913043,
      "region": "경기"
    },
    "수원대학교(수원)": {
      "count": 687,
      "pass_rate": 17.321688500727802,
      "region": "경기"
    },
    "가톨릭대학교(성심)": {
      "count": 683,
      "pass_rate": 19.1800878477306,
      "region": "경기"
    },
    "대전대학교(대전)": {
      "count": 680,
      "pass_rate": 54.264705882352935,
      "region": "대전"
    },
    "배재대학교(대전)": {
      "count": 656,
      "pass_rate": 63.71951219512195,
      "region": "대전"
    },
    "남서울대학교(천안)": {
      "count": 651,
      "pass_rate": 35.63748079877112,
      "region": "충남"
    },
    "단국대학교(천안)": {
      "count": 623,
      "pass_rate": 25.52166934189406,
      "region": "충남"
    },
    "목원대학교(대전)": {
      "count": 621,
      "pass_rate": 55.716586151368766,
      "region": "대전"
    }
  },
  "apptypes": {
    "기타": {
      "count": 26,
      "pass_rate": 46.15384615384615
    },
    "논술위주": {
      "count": 2393,
      "pass_rate": 3.0505641454241537
    },
    "실기/실적위주": {
      "count": 8492,
      "pass_rate": 21.10221384832784
    },
    "학생부위주(교과)": {
      "count": 69941,
      "pass_rate": 46.18321156403254
    },
    "학생부위주(종합)": {
      "count": 37997,
      "pass_rate": 25.833618443561335
    }
  },
  "years": {
    "2023": {
      "total_count": 31359,
      "pass_count": 12170,
      "pass_rate": 38.80863547944769,
      "universities_count": 234,
      "regions_count": 17,
      "apptypes": {
        "기타": {
          "count": 8,
          "pass_rate": 37.5
        },
        "논술위주": {
          "count": 531,
          "pass_rate": 4.8964218455743875
        },